struct_id,Total_Cost,Total_Energy,Total_Latency,Quality_of_Answer,New_QoA_Score
3.04,2.7996603999999705e-05,34.57368829,40.02835118400001,0.5331848970018327,0.47897304394841184
