struct_id,Total_Cost,Total_Energy,Total_Latency,Quality_of_Answer,New_QoA_Score
352.18,5.0784628999996606e-05,64.26335501300001,63.695214644,0.6177216213922947,0.5785648413915186
