struct_id,Total_Cost,Total_Energy,Total_Latency,Quality_of_Answer,New_QoA_Score
31.12,3.944528499999931e-05,48.86999846,50.117132069,0.5780837361961603,0.5312587768696247
