struct_id,Total_Cost,Total_Energy,Total_Latency,Quality_of_Answer,New_QoA_Score
45.86,5.56777709999964e-05,65.864719862,61.75949811300001,0.5555431031147019,0.5075329069904981
