struct_id,Total_Cost,Total_Energy,Total_Latency,Quality_of_Answer,New_QoA_Score
365.62,5.6853396999995194e-05,68.527475713,73.118298112,0.620543820489198,0.5807789229005574
