struct_id,Total_Cost,Total_Energy,Total_Latency,Quality_of_Answer,New_QoA_Score
0.0,1.0694795555555555e-05,14.566572146666665,18.911491697777777,0.48573296734235355,0.4047390174058576
