struct_id,Total_Cost,Total_Energy,Total_Latency,Quality_of_Answer,New_QoA_Score
343.4,4.3780140999998696e-05,67.14708239400001,75.17916362600002,0.5329272780213505,0.48265218122862275
