struct_id,Total_Cost,Total_Energy,Total_Latency,Quality_of_Answer,New_QoA_Score
4.81,3.61624129999989e-05,44.085029041,48.715883332999994,0.5203750704824924,0.46723443802632386
