{
  "gemma3:27b": 0.35411160709546846,
  "llama3.1:8b": 0.4467853186987163,
  "mistral:7b": 0.2413311383036956,
  "phi4:14b": 0.6258464355043226,
  "qwen2.5:14b": 0.6587770954415909
}