{
  "gemma3:27b": 0.8858444317886656,
  "llama3.1:8b": 0.8752951876522965,
  "mistral:7b": 0.5889550458621938,
  "phi4:14b": 0.3191013548797879,
  "qwen2.5:14b": 0.8524869876479142
}