struct_id,Total_Cost,Total_Energy,Total_Latency,Quality_of_Answer,New_QoA_Score
418.29,5.32570089999964e-05,69.35934735999999,71.81228638799999,0.5882261496521533,0.5447721834629773
