struct_id,Total_Cost,Total_Energy,Total_Latency,Quality_of_Answer,New_QoA_Score
379.93,4.98625409999972e-05,65.39725685299999,69.633099137,0.5020573559012264,0.44654300781711925
