struct_id,Total_Cost,Total_Energy,Total_Latency,Quality_of_Answer,New_QoA_Score
458.9,4.4834525999999e-05,73.77227118,88.208873325,0.3644964270815253,0.29319669121131303
