struct_id,Total_Cost,Total_Energy,Total_Latency,Quality_of_Answer,New_QoA_Score
749.32,7.33718879999956e-05,85.579562071,83.332448096,0.46195475568389527,0.4076276423502715
