struct_id,Total_Cost,Total_Energy,Total_Latency,Quality_of_Answer,New_QoA_Score
0.83,2.06207299999999e-05,27.253962971000007,35.087899822,0.42494232258014386,0.3598873453512789
