struct_id,Total_Cost,Total_Energy,Total_Latency,Quality_of_Answer,New_QoA_Score
769.8,7.52451739999948e-05,86.03243526300001,79.992226801,0.6189918111599982,0.5804560307543725
