struct_id,Total_Cost,Total_Energy,Total_Latency,Quality_of_Answer,New_QoA_Score
0.4387755102040816,1.2228535714285714e-05,19.013590708163264,26.080250834693878,0.403536973430357,0.3202037191659934
