struct_id,Total_Cost,Total_Energy,Total_Latency,Quality_of_Answer,New_QoA_Score
31.68,3.43861579999993e-05,52.161056452,55.728033265,0.500978337733075,0.44253157554753125
