struct_id,Total_Cost,Total_Energy,Total_Latency,Quality_of_Answer,New_QoA_Score
30.08,4.02165149999985e-05,51.11863990999999,53.577708869999995,0.5826566787939518,0.5325269812494515
