struct_id,Total_Cost,Total_Energy,Total_Latency,Quality_of_Answer,New_QoA_Score
30.63,4.29945629999981e-05,54.69030811699999,58.777526599000005,0.5848125625755637,0.5373233208982273
