struct_id,Total_Cost,Total_Energy,Total_Latency,Quality_of_Answer,New_QoA_Score
3.49,2.9445476999999202e-05,35.565101657,40.654637623000006,0.5262705907095223,0.46895609106495983
