struct_id,Total_Cost,Total_Energy,Total_Latency,Quality_of_Answer,New_QoA_Score
408.62,5.224008699999629e-05,68.511460263,71.483962949,0.6175190029442309,0.5738735118173062
