struct_id,Total_Cost,Total_Energy,Total_Latency,Quality_of_Answer,New_QoA_Score
0.0,1.0006783908045978e-05,13.872824101149423,18.030970072413794,0.4711055559181105,0.394543987703135
