struct_id,Total_Cost,Total_Energy,Total_Latency,Quality_of_Answer,New_QoA_Score
2.13265306122449,1.545519489795918e-05,20.78402014387755,26.42738782755102,0.4680296998385492,0.3906271242812199
