struct_id,Total_Cost,Total_Energy,Total_Latency,Quality_of_Answer,New_QoA_Score
2.91,2.75413769999996e-05,34.276113169,40.747826923000005,0.5316927761659026,0.4773007543589919
